Iteration;ELBO
0;-8681524254.1331482
1;-3.8469050560280433e+44
2;-1852546901632.9412
3;-1312600208.2866411
4;-2641724724.3213072
5;-3444734425.4918308
6;-3970460574.7239418
7;-4329518342.3501863
8;-4579559423.1689405
9;-4754001198.6264524
10;-4873734901.5605383
11;-4952582223.7213354
12;-5000102801.2318163
13;-5023149295.76542
14;-5026780825.8122835
15;-5014826014.4120455
16;-4990243713.055913
17;-4955362015.1689901
18;-4912041367.2834196
19;-4861788451.2838278
20;-4805837821.9252653
21;-4745211170.8524351
22;-4680761585.8461151
23;-4613206627.3415146
24;-4543153939.7928581
25;-4471120799.4341373
26;-4397549685.6987429
27;-4322820658.7318029
28;-4247261051.9444962
29;-4171153554.1784716
30;-4094742824.844368
31;-4018240729.8453941
32;-3941830910.8650513
33;-3865672615.5799093
34;-3789903726.4804039
35;-3714643532.6522236
36;-3639995034.6239271
37;-3566046985.3980031
38;-3492875476.9740262
39;-3420545491.8098884
40;-3349112198.4321017
41;-3278622085.7835989
42;-3209113959.4840927
43;-3140619819.8566742
44;-3073165637.5962195
45;-3006772085.7662172
46;-2941455056.5416837
47;-2877226252.6767068
48;-2814093670.787251
49;-2752062032.5642395
50;-2691133169.6977482
51;-2631306368.0091882
52;-2572578675.0775886
53;-2514945175.6075277
54;-2458399205.9411688
55;-2402932641.043138
56;-2348536057.1331382
57;-2295198908.3366199
58;-2242909684.663384
59;-2191656053.2869759
60;-2141424984.7539363
61;-2092202841.0722523
62;-2043975527.5505972
63;-1996728555.5499954
64;-1950447122.1951089
65;-1905116181.2087636
66;-1860720485.1762111
67;-1817244684.0747383
68;-1774673352.0950639
69;-1732991012.521127
70;-1692182214.4268539
71;-1652231546.039031
72;-1613123647.335746
73;-1574843270.2173808
74;-1537375282.5056741
75;-1500704671.9921544
76;-1464816594.0505645
77;-1429696355.2435377
78;-1395329454.2723048
79;-1361701563.5020716
80;-1328798564.3443868
81;-1296606527.4042532
82;-1265111743.198936
83;-1234300701.4855754
84;-1204160118.063741
85;-1174676913.7203627
86;-1145838237.7350507
87;-1117631446.7830055
88;-1090044125.6560035
89;-1063064066.381713
90;-1036679277.5156584
91;-1010877991.3109604
92;-985648643.51451182
93;-960979880.61531341
94;-936860565.297176
95;-913279757.19169641
96;-890226718.60163677
97;-867690911.47682536
98;-845662001.26050746
99;-824129839.15525401
100;-803084466.38912463
101;-782516110.88497591
102;-762415183.90234983
103;-742772282.60500896
104;-723578174.35091066
105;-704823799.75545716
106;-686500269.355582
107;-668598860.30369568
108;-651111013.0988543
109;-634028328.36112511
110;-617342563.65410781
111;-601045630.35989404
112;-585129590.60973692
113;-569586654.27324247
114;-554409176.00805819
115;-539589652.3717407
116;-525120718.99681044
117;-510995147.82970482
118;-497205844.43396717
119;-483745845.35764867
120;-470608315.56469196
121;-457786545.92977417
122;-445273950.79593235
123;-433064065.59409142
124;-421150544.52349555
125;-409527155.36629033
126;-398187783.36828423
127;-387126425.92971706
128;-376337190.51691794
129;-365814292.62843239
130;-355552051.3246116
131;-345544892.47475195
132;-335787344.18312299
133;-326274034.95781308
134;-316999689.739757
135;-307959132.71202523
136;-299147283.2371121
137;-290559152.22097933
138;-282189844.62731338
139;-274034555.75709176
140;-266088567.91625687
141;-258347252.65989211
142;-250806065.69748425
143;-243460548.96956611
144;-236306325.85000175
145;-229339103.06437474
146;-222554667.64679068
147;-215948884.20714733
148;-209517696.62833738
149;-203257123.93068206
150;-197163261.83164757
151;-191232278.84580773
152;-185460416.50471988
153;-179843989.36679509
154;-174379381.4423348
155;-169063047.44155928
156;-163891509.39903724
157;-158861356.78575405
158;-153969246.44089484
159;-149211899.47145808
160;-144586101.30544207
161;-140088701.58067012
162;-135716611.2934674
163;-131466802.79723978
164;-127336309.65128736
165;-123322223.9950272
166;-119421696.4961199
167;-115631935.43422706
168;-111950205.79773796
169;-108373829.0725874
170;-104900180.94631863
171;-101526691.18121821
172;-98250842.758810222
173;-95070171.035346672
174;-91982262.907969862
175;-88984756.542800575
176;-86075339.410515219
177;-83251748.084169939
178;-80511767.445222914
179;-77853229.898863599
180;-75274014.598446205
181;-72772046.678808779
182;-70345296.498311862
183;-67991778.889399916
184;-65709552.417543136
185;-63496718.648397334
186;-61351421.423054963
187;-59271846.141251996
188;-57256219.052424379
189;-55302806.554497913
190;-53409914.500324115
191;-51575887.200193569
192;-49799107.394442409
193;-48077995.241453402
194;-46411007.653843574
195;-44796637.641940869
196;-43233413.664496124
197;-41719898.73668652
198;-40254690.317935102
199;-38836419.410190932
200;-37463749.937148035
201;-36135377.915167771
202;-34850031.297307
203;-33606469.137379266
204;-32403480.997243278
205;-21163602.533782728
206;-30114533.51811561
207;-29026300.640339047
208;-27974093.199230645
209;-26956844.680717003
210;-25973515.667105626
211;-25023093.145526443
212;-24104590.279706787
213;-23217045.580990419
214;-22359522.671097275
215;-21531109.615396746
216;-20730918.291760731
217;-19958084.142692938
218;-19211765.433215927
219;-18491142.997681256
220;-17795419.529847987
221;-17123819.325676087
222;-16475587.604264367
223;-15849990.155505376
224;-15246312.973132543
225;-14663861.619609218
226;-14101960.963965999
227;-13559954.574534241
228;-13037204.456601743
229;-12533090.471891478
230;-12047010.007159336
231;-11578377.632951276
232;-11126624.561255798
233;-10691198.324686598
234;-10271562.447506504
235;-9867195.9392691273
236;-9477592.9853221104
237;-9102262.5781884827
238;-8740728.205767611
239;-8392527.3898073249
240;-8057211.3923883112
241;-7734344.8730030609
242;-7423505.5519511914
243;-7124283.9208995905
244;-6836282.8327273466
245;-6559117.2289605401
246;-6292413.8279577233
247;-6035810.8191643953
248;-5788957.5633825194
249;-5551514.2989992704
250;-5323151.8845496401
251;-5103551.4526025066
252;-4892404.1673515402
253;-4689410.9540986186
254;-4494282.2343976684
255;-4306737.6667959271
256;-4126505.8931084978
257;-3953324.2901605386
258;-3786938.7269313624
259;-3627103.327032947
260;-3473580.236454959
261;-3326139.396507537
262;-3184558.3218923248
263;-3048621.8838315667
264;-2918122.0816131169
265;-2792857.870589463
266;-2672634.9415569422
267;-2557265.5234055994
268;-2446568.1904691351
269;-2340367.6745023006
270;-2238494.6812123801
271;-2140785.6991467616
272;-2047082.8507213101
273;-1957233.7084120016
274;-1871091.1287699817
275;-1788513.0906239755
276;-1709362.5277311958
277;-1633507.1955625836
278;-1560819.5108000056
279;-1491176.4055559984
280;-1424459.1773707208
281;-1360553.3680169075
282;-1299348.619946732
283;-1240738.5383665722
284;-1184620.5786622679
285;-1130895.9146156106
286;-1079469.3117884463
287;-1030249.0232028657
288;-983146.66301162192
289;-938077.1074698912
290;-894958.38106361241
291;-853711.54711144185
292;-814260.61634704669
293;-776532.43845055427
294;-740456.61548323405
295;-705965.39995029301
296;-672993.61290955555
297;-641478.54823444586
298;-611359.8952178749
299;-582579.64871677407
300;-555082.03607287642
301;-528813.43283239275
302;-503722.29380653484
303;-479759.07407202967
304;-456876.16142730328
305;-435027.81028742215
306;-414170.07008002006
307;-394260.72367737809
308;-375259.22720187652
309;-357126.64522077754
310;-339825.59663824295
311;-323320.19410979532
312;-307575.9914972012
313;-292559.93093611015
314;-278240.29319326498
315;-264586.6448184037
316;-251569.79202243622
317;-239161.73437158042
318;-227335.62130180618
319;-216065.70614122425
320;-205327.30575385195
321;-195096.76014964652
322;-185351.39346927643
323;-176069.47729257474
324;-167230.19214975522
325;-158813.5935182831
326;-150800.57791576744
327;-143172.85017657693
328;-135912.89187654489
329;-129003.93087094853
330;-122429.91191180493
331;-116175.46896381784
332;-110225.89649153798
333;-104567.12386236379
334;-99185.689957219409
335;-94068.718702619604
336;-89203.895494871002
337;-84579.444487905537
338;-80184.106716982686
339;-76007.119031220325
340;-72038.193808627431
341;-68267.499428011855
342;-64685.641472828414
343;-61283.644298402141
344;-58052.934362354579
345;-54985.323087464414
346;-52072.99075738839
347;-49308.47102957192
348;-46684.636044285609
349;-44194.682109336165
350;-41832.115940584641
351;-39590.741216541996
352;-37464.646348542097
353;-35448.192020062437
354;-33535.999463322332
355;-31722.939200822439
356;-30004.120066694832
357;-28374.87918935647
358;-26830.7718367653
359;-25367.561857062065
360;-23981.212371566486
361;-22667.877263492883
362;-21423.892582693556
363;-20245.768451308468
364;-19130.181195098332
365;-18073.966132651149
366;-17074.110319590625
367;-16127.745623052671
368;-15232.142366104586
369;-14384.702868292959
370;-13582.955608308046
371;-12824.549375004139
372;-12107.247688115931
373;-11428.923666985658
374;-10787.554841069246
375;-10181.21844544508
376;-9608.0866718807556
377;-9066.4223586806565
378;-8554.5746477745506
379;-8070.9750386390369
380;-7614.1334193116109
381;-7182.6344561799706
382;-6775.1339691182411
383;-6390.3556308812849
384;-6027.0876587114717
385;-5684.1797989068282
386;-5360.5403092630004
387;-5055.133206108927
388;-4766.9755138366763
389;-4495.1347285736401
390;-4238.7263893102445
391;-3996.9116873741418
392;-3768.8952807051564
393;-3553.9231185253848
394;-3351.2804324957269
395;-3160.2898149606235
396;-2980.3093329958474
397;-2810.7307854386286
398;-2650.9780222322338
399;-2500.5053559360467
400;-2358.7960062665647
401;-2225.3606611985801
402;-2099.7360912773133
403;-1981.4838402168896
404;-1870.1889454406212
405;-1765.4587534869415
406;-1666.9217806375345
407;-1574.2266365455084
408;-1487.0409746176856
409;-1405.0505194763487
410;-1327.9581326801413
411;-1255.4829240495255
412;-1187.3594065159239
413;-1123.3366925010437
414;-1063.1777351179924
415;-1006.658590735354
416;-953.56773491473018
417;-903.70540660725931
418;-856.88298511244659
419;-812.9223982647693
420;-771.65556038007298
421;-732.92383855756214
422;-696.5775459946251
423;-662.47546103060392
424;-630.48437069223132
425;-600.47863756774177
426;-572.3397888888519
427;-545.95612674971244
428;-521.22235844007332
429;-498.03924591577061
430;-476.31327347391749
431;-455.95633274236968
432;-436.88542413370135
433;-419.02237395271436
434;-402.29356499247262
435;-386.62968567802977
436;-371.96548798770868
437;-358.23955978821414
438;-345.39410929663291
439;-333.3747610594545
440;-322.13036286728493
441;-311.61280218825675
442;-301.77683519231357
443;-292.57992223011456
444;-283.98207321059442
445;-275.94570074168973
446;-268.43548333218666
447;-261.41823396523932
448;-254.86277662989016
449;-248.7398291628449
450;-243.02189411206848
451;-237.68315404686155
452;-232.69937324922307
453;-228.04780451737952
454;-223.70710235087199
455;-219.65723979731592
456;-215.8794301011776
457;-212.35605371965676
458;-209.07058823258672
459;-206.0075433918264
460;-203.152399023827
461;-200.49154656710311
462;-198.01223462021107
463;-195.70251675520694
464;-193.55120314897931
465;-191.54781442151148
466;-189.68253821320604
467;-187.94618874771959
468;-186.33016815362453
469;-184.82643061210501
470;-183.4274480906281
471;-182.126178579623
472;-180.91603575756699
473;-179.79086087161727
474;-178.74489590319968
475;-177.77275869348273
476;-176.86941922347091
477;-176.03017756205031
478;-175.25064311617416
479;-174.52671494612605
480;-173.85456351958169
481;-173.2306133446466
482;-172.65152682866142
483;-172.11418910554653
484;-171.61569366470599
485;-171.15332903192893
486;-170.72456611484085
487;-170.32704644531236
488;-169.95857113891725
489;-169.61709045377347
490;-169.30069409171278
491;-169.00760207451663
492;-168.73615621303838
493;-168.48481204942004
494;-168.25213137457513
495;-168.03677519617918
496;-167.83749716806506
497;-167.65313739153385
498;-167.48261666122744
499;-167.32493106279094
500;-167.1791469284276
501;-167.04439608369353
502;-166.91987143705933
503;-166.80482284293112
504;-166.69855323381512
505;-166.60041500470106
506;-166.5098066339765
507;-166.42616953219203
508;-166.34898507895559
509;-166.27777187558331
510;-166.21208317254059
511;-166.15150446776624
512;-166.09565126488201
513;-166.04416698120713
514;-165.9967209959018
515;-165.95300682929314
516;-165.91274044492252
517;-165.87565866633417
518;-165.84151770130097
519;-165.81009176634871
520;-165.78117180514369
521;-165.75456429454289
522;-165.7300901326455
523;-165.70758360329546
524;-165.68689141216919
525;-165.66787178952791
526;-165.65039365539178
527;-165.63433584279937
528;-165.61958637538987
529;-165.60604179560869
530;-165.59360654015723
531;-165.58219235948263
532;-165.5717177776196
533;-165.56210759262808
534;-165.55329241020058
535;-165.54520821141682
536;-165.53779595140145
537;-165.53100118690236
538;-165.52477373017564
539;-165.51906732929751
540;-165.51383937024752
541;-165.50905060108994
542;-165.50466487634321
543;-165.50064891975126
544;-165.49697210531144
545;-165.49360625359645
546;-165.49052544333745
547;-165.48770583685268
548;-165.48512551902922
549;-165.48276434766967
550;-165.48060381514756
551;-165.47862692082367
552;-165.47681805269531
553;-165.47516287793337
554;-165.47364824215742
555;-165.47226207589119
556;-165.47099330833453
557;-165.46983178783626
558;-165.46876820833677
559;-165.46779404141535
560;-165.46690147381651
561;-165.46608334955522
562;-165.46533311677263
563;-165.46464477852942
564;-165.46401284750664
565;-165.46343230437424
566;-165.46289855926148
567;-165.46240741645897
568;-165.46195504173875
569;-165.46153793244116
570;-165.4611528897783
571;-165.46079699354163
572;-165.46046757868794
573;-165.46016221389186
574;-165.45987868181123
575;-165.45961496098971
576;-165.45936920914255
577;-165.45913974794917
578;-165.45892504893982
579;-165.45872372066401
580;-165.45853449688911
581;-165.45835622571485
582;-165.45818785968459
583;-165.45802844664399
584;-165.4578771214367
585;-165.45773309824585
586;-165.45759566360766
587;-165.45746416998031
588;-165.45733802993755
589;-165.45721671077104
590;-165.45709972959912
591;-165.4569866489087
592;-165.45687707243246
593;-165.45677064144638
594;-165.45666703132565
595;-165.45656594846037
596;-165.45646712738403
597;-165.45637032820559
598;-165.4562753342409
599;-165.45618194986127
600;-165.4560899985122
601;-165.45599932097343
602;-165.45590977366783
603;-165.45582122725364
604;-165.45573356521459
605;-165.45564668268344
606;-165.45556048529852
607;-165.45547488821421
608;-165.45538981517211
609;-165.45530519767931
610;-165.45522097424646
611;-165.45513708968474
612;-165.45505349452515
613;-165.45497014442208
614;-165.45488699965267
615;-165.45480402467092
616;-165.45472118766475
617;-165.4546384601997
618;-165.45455581687497
619;-165.45447323501139
620;-165.45439069435929
621;-165.45430817686952
622;-165.45422566644561
623;-165.4541431487753
624;-165.45406061110384
625;-165.45397804208869
626;-165.4538954316622
627;-165.45381277087358
628;-165.45373005178112
629;-165.45364726734101
630;-165.45356441131707
631;-165.4534814781764
632;-165.45339846303023
633;-165.45331536155231
634;-165.45323216992165
635;-165.45314888476332
636;-165.45306550310124
637;-165.45298202230242
638;-165.45289844005924
639;-165.45281475432466
640;-165.45273096330584
641;-165.4526470654182
642;-165.45256305925568
643;-165.45247894360432
644;-165.45239471738773
645;-165.4523103796505
646;-165.45222592956134
647;-165.45214136637742
648;-165.45205668945005
649;-165.45197189819714
650;-165.45188699212258
651;-165.45180197077161
652;-165.45171683373928
653;-165.45163158067908
654;-165.45154621127267
655;-165.45146072522266
656;-165.4513751222778
657;-165.4512894022057
658;-165.45120356479833
659;-165.45111760985674
660;-165.45103153719833
661;-165.45094534667032
662;-165.45085903809695
663;-165.45077261134543
664;-165.45068606627456
665;-165.45059940274768
666;-165.45051262064726
667;-165.45042571983413
668;-165.45033870020575
669;-165.45025156163592
670;-165.45016430401574
671;-165.45007692722766
672;-165.44998943116116
673;-165.44990181571325
674;-165.44981408076501
675;-165.4497262262264
676;-165.44963825196896
677;-165.44955015788878
678;-165.44946194387853
679;-165.44937360983363
680;-165.44928515563856
681;-165.44919658118511
682;-165.44910788636753
683;-165.44901907107351
684;-165.44893013518958
685;-165.44884107860435
686;-165.4487519012107
687;-165.44866260289427
688;-165.44857318353638
689;-165.44848364303084
690;-165.44839398125578
691;-165.44830419811046
692;-165.44821429346052
693;-165.44812426720273
694;-165.44803411922226
695;-165.4479438493986
696;-165.4478534576092
697;-165.44776294375083
698;-165.44767230769503
699;-165.44758154932219
700;-165.44749066852523
701;-165.44739966516909
702;-165.44730853914757
703;-165.44721729033449
704;-165.44712591861321
705;-165.44703442385753
706;-165.44694280594967
707;-165.44685106476459
708;-165.44675920018972
709;-165.44666721209865
710;-165.44657510035881
711;-165.44648286486108
712;-165.44639050547539
713;-165.44629802208215
714;-165.44620541454333
715;-165.44611268275389
716;-165.44601982657628
717;-165.44592684589111
718;-165.44583374057061
719;-165.44515414883654
720;-165.44564715552974
721;-165.44555367555108
722;-165.44546007043255
723;-165.44536634004908
724;-165.44527248427426
725;-165.44517850297461
726;-165.44508439602532
727;-165.44499016329473
728;-165.44489580465824
729;-165.4448013199833
730;-165.44470670914166
731;-165.44461197200349
732;-165.4445171084451
733;-165.44442211832234
734;-165.44432700151197
735;-165.44423175788393
736;-165.44413638730498
737;-165.44404088963438
738;-165.44394526476185
739;-165.44384951253801
740;-165.44375363283098
741;-165.44365762550888
742;-165.44356149044165
743;-165.4434652274856
744;-165.44336883651999
745;-165.44327231739294
746;-165.44317566999212
747;-165.44307889415791
748;-165.44298198976685
749;-165.44288495667683
750;-165.44278779475258
751;-165.44269050385765
752;-165.44259308386108
753;-165.44249553461327
754;-165.44239785598688
755;-165.44230004782867
756;-165.44220211001812
757;-165.44210404240448
758;-165.44200584484565
759;-165.4419075172143
760;-165.44180905936037
761;-165.4417104711365
762;-165.44161175241675
763;-165.44151290304535
764;-165.44141392289157
765;-165.4413148118058
766;-165.44121556964387
767;-165.44111619627529
768;-165.4410166915427
769;-165.44091705531264
770;-165.44081728742731
771;-165.44071738775187
772;-165.44061735613877
773;-165.44051719244885
774;-165.44041689652204
775;-165.44031646822259
776;-165.44021590740113
777;-165.44011521391349
778;-165.44001438760529
779;-165.43991342833533
780;-165.43981233595173
781;-165.4397111103176
782;-165.43960975126038
783;-165.43950825864658
784;-165.43940663232775
785;-165.43930487215403
786;-165.4392029779649
787;-165.43910094961257
788;-165.43899878695584
789;-165.4388964898319
790;-165.43879405809867
791;-165.43869149158741
792;-165.43858879015943
793;-165.43848595365739
794;-165.43838298192577
795;-165.43827987480813
796;-165.43817663215509
797;-165.43807325381408
798;-165.43796973961776
799;-165.43786608942673
800;-165.43776230307367
801;-165.43765838039803
802;-165.43755432125226
803;-165.43745012546947
804;-165.43734579290799
805;-165.43724132338866
806;-165.43713671676528
807;-165.43703197287323
808;-165.43692709155948
809;-165.4368220726567
810;-165.43671691600912
811;-165.43661162145327
812;-165.43650618883044
813;-165.43640061798033
814;-165.43629490873923
815;-165.43618906094457
816;-165.43608307443833
817;-165.4359769490477
818;-165.43587068460988
819;-165.43576428096594
820;-165.43565773795171
821;-165.43555105539781
822;-165.43544423314052
823;-165.43533727101521
824;-165.43523016885092
825;-165.43512292649029
826;-165.43501554375757
827;-165.43490802048473
828;-165.43480035651305
829;-165.43469255166019
830;-165.43458460577062
831;-165.43447651866609
832;-165.43436829017696
833;-165.4342599201384
834;-165.43415140838579
835;-165.43404275472903
836;-165.43393395901126
837;-165.43382502105487
838;-165.43371594069026
839;-165.43360671773439
840;-165.43349735202878
841;-165.43338784338971
842;-165.43327819164892
843;-165.43316839662725
844;-165.43305845815325
845;-165.4329483760423
846;-165.43283815013592
847;-165.43272778023697
848;-165.43261726618562
849;-165.43250660779449
850;-165.43239580488398
851;-165.4322848572865
852;-165.43217376480652
853;-165.43206252728601
854;-165.43195114452919
855;-165.43183961635873
856;-165.43172794259681
857;-165.43161612306267
858;-165.43150415757623
859;-165.4313920459465
860;-165.43127978799885
861;-165.43116738354956
862;-165.4310548324147
863;-165.43094213440895
864;-165.43082928935064
865;-165.43071629704878
866;-165.43060315732487
867;-165.43048986998906
868;-165.43037643485627
869;-165.43026285173801
870;-165.430149120441
871;-165.4300352407929
872;-165.42992121259658
873;-165.42980703565968
874;-165.42969270980052
875;-165.42957823482857
876;-165.42946361055124
877;-165.42934883678186
878;-165.42923391332124
879;-165.42911883997817
880;-165.42900361657189
881;-165.4288882428898
882;-165.42877271876068
883;-165.42865704396945
884;-165.42854121833852
885;-165.42842524167099
886;-165.42830911376109
887;-165.42819283442918
888;-165.42807640345859
889;-165.42795982067491
890;-165.42784308586602
891;-165.42772619883635
892;-165.42760915939084
893;-165.4274919673303
894;-165.42737462245645
895;-165.42725712456445
896;-165.42713947346238
897;-165.42702166894242
898;-165.42690371080562
899;-165.42678559885394
900;-165.42666733288161
901;-165.42654891267921
902;-165.42643033805234
903;-165.42631160879523
904;-165.42619272470029
905;-165.42607368556583
906;-165.42595449118971
907;-165.4258351413614
908;-165.42571563586989
909;-165.42559597451805
910;-165.42547615708804
911;-165.42535618338184
912;-165.42523605318456
913;-165.42511576628908
914;-165.42499532248098
915;-165.42487472156063
916;-165.42475396330497
917;-165.424633047508
918;-165.42451197396235
919;-165.42439074244226
920;-165.42426935275012
921;-165.42414780466197
922;-165.42402609796636
923;-165.4239042324516
924;-165.42378220789942
925;-165.42366002409335
926;-165.42353768082535
927;-165.42341517786554
928;-165.42329251500473
929;-165.42316969202716
930;-165.42304670870385
931;-165.42292355559402
932;-165.42280026016761
933;-165.42267679451447
934;-165.42255316764044
935;-165.42242937932906
936;-165.42230542935249
937;-165.42218131749269
938;-165.42205704351613
939;-165.42193260721842
940;-165.42180800836195
941;-165.42168324672207
942;-165.42155832207891
943;-165.42143323420669
944;-165.42130798286394
945;-165.42118256784556
946;-165.42105698891055
947;-165.42093124583607
948;-165.4208053383818
949;-165.42067926632967
950;-165.420553029443
951;-165.42042662749986
952;-165.42030006025993
953;-165.42017332749083
954;-165.42004642897268
955;-165.41991936446038
956;-165.41979213372042
957;-165.41966473652701
958;-165.41953717264187
959;-165.41940944182693
960;-165.41928154384618
961;-165.41915347846066
962;-165.4190252454423
963;-165.4188968445435
964;-165.41876827552846
965;-165.41863953816187
966;-165.41851063219246
967;-165.41838155739424
968;-165.41825231351731
969;-165.41812290032567
970;-165.41799331756806
971;-165.41786356501325
972;-165.41773364240476
973;-165.41760354950952
974;-165.4174732860763
975;-165.41734285186203
976;-165.41721224662001
977;-165.41708147010013
978;-165.41695052206614
979;-165.41681940225089
980;-165.41668811042587
981;-165.4165566463339
982;-165.41642500971079
983;-165.41629320032371
984;-165.41616121792504
985;-165.41602906224625
986;-165.41589673304816
987;-165.41576423006472
988;-165.41563155305107
989;-165.41549870175027
990;-165.41536567591311
991;-165.41523247527061
992;-165.41509909957608
993;-165.41496554857167
994;-165.41483182199045
995;-165.41469791958184
996;-165.41456384108437
997;-165.41442958624043
998;-165.41429515478671
999;-165.41416054645856
1000;-165.41402576099722
1001;-165.41389079814462
1002;-165.4137556576261
1003;-165.41362033919017
1004;-165.41348484257264
1005;-165.41334916748679
1006;-165.41321331368681
1007;-165.41307728090101
1008;-165.41294106885744
1009;-165.41280467729575
1010;-165.41266810594129
1011;-165.41253135452166
1012;-165.41239442290271
1013;-165.41225731054055
1014;-165.41212001718782
1015;-165.41198254280948
1016;-165.41184488701197
1017;-165.41170704951833
1018;-165.4115690300539
1019;-165.41143082833764
1020;-165.41129244410649
1021;-165.41115387707782
1022;-165.411015126969
1023;-165.41087619350537
1024;-165.41073707641112
1025;-165.41059777540431
1026;-165.41045829019527
1027;-165.4103186205125
1028;-165.41017876606952
1029;-165.41003872659212
1030;-165.40989850177971
1031;-165.4097580913658
1032;-165.40961749505232
1033;-165.4094767125589
1034;-165.40933574359224
1035;-165.40919458788358
1036;-165.40905324512346
1037;-165.40891171503267
1038;-165.40876999732177
1039;-165.40862809169357
1040;-165.40848599786455
1041;-165.40834371553933
1042;-165.40820124442325
1043;-165.40805858422709
1044;-165.40791573464526
1045;-165.40777269540149
1046;-165.4076294661877
1047;-165.40748604670398
1048;-165.40734243665906
1049;-165.40719863575509
1050;-165.40705464368966
1051;-165.40691046016127
1052;-165.40676608487092
1053;-165.4066215175194
1054;-165.40647675780338
1055;-165.40633180541613
1056;-165.40618666005935
1057;-165.40604132141493
1058;-165.4058957891923
1059;-165.40575006308063
1060;-165.40560414277411
1061;-165.40545802795509
1062;-165.40531171832549
1063;-165.40516521357267
1064;-165.40501851338036
1065;-165.40487161744136
1066;-165.40472452544554
1067;-165.40457723707982
1068;-165.40442975202495
1069;-165.40428206996557
1070;-165.40413419059655
1071;-165.40398611359274
1072;-165.40383783863695
1073;-165.40368936540494
1074;-165.40354069359364
1075;-165.40339182287016
1076;-165.40324275291937
1077;-165.4030934834152
1078;-165.40294401403935
1079;-165.40279434446143
1080;-165.40264447436562
1081;-165.40249440342063
1082;-165.40234413129861
1083;-165.40219365768053
1084;-165.40204298222716
1085;-165.40189210462336
1086;-165.4017410245292
1087;-165.40158974161432
1088;-165.40143825555174
1089;-165.40128656600768
1090;-165.40113467264473
1091;-165.40098257512955
1092;-165.40083027313085
1093;-165.40067776631372
1094;-165.40052505433346
1095;-165.40037213685696
1096;-165.4002190135468
1097;-165.40006568405897
1098;-165.39991214805536
1099;-165.39975840519014
1100;-165.39960445512634
1101;-165.39945029751721
1102;-165.39929593201919
1103;-165.39914135828781
1104;-165.39898657597064
1105;-165.39883158472571
1106;-165.39867638420105
1107;-165.39852097405833
1108;-165.39836535393215
1109;-165.398209523481
1110;-165.3980534823495
1111;-165.39789723018498
1112;-165.39774076663298
1113;-165.39758409133697
1114;-165.3974272039402
1115;-165.39727010408774
1116;-165.39711279141898
1117;-165.39695526557239
1118;-165.39679752619691
1119;-165.3966395729185
1120;-165.39648140538611
1121;-165.39632302323639
1122;-165.39616442609668
1123;-165.39600561360817
1124;-165.39584658540025
1125;-165.39568734111276
1126;-165.39552788037327
1127;-165.39536820281205
1128;-165.39520830805623
1129;-165.39504819573881
1130;-165.39488786548031
1131;-165.39472731691353
1132;-165.39456654966421
1133;-165.39440556335762
1134;-165.39424435760816
1135;-165.39408293204838
1136;-165.39392128629765
1137;-165.39375941997582
1138;-165.39359733269634
1139;-165.39343502408042
1140;-165.3932724937481
1141;-165.39310974131172
1142;-165.39294676638701
1143;-165.39278356858631
1144;-165.39262014752057
1145;-165.39245650281077
1146;-165.39229263405514
1147;-165.39212854087214
1148;-165.39196422286636
1149;-165.39179967964128
1150;-165.39163491080603
1151;-165.39146991596954
1152;-165.39130469473093
1153;-165.39113924669459
1154;-165.39097357145965
1155;-165.39080766862094
1156;-165.39064153779555
1157;-165.39047517856466
1158;-165.39030859053514
1159;-165.39014177329227
1160;-165.38997472643632
1161;-165.38980744956234
1162;-165.38963994225946
1163;-165.38947220412092
1164;-165.38930423473607
1165;-165.38913603368792
1166;-165.38896760057901
1167;-165.3887989349812
1168;-165.3886300364843
1169;-165.38846090467337
1170;-165.38829153912229
1171;-165.38812193942067
1172;-165.38795210515036
1173;-165.38778203589141
1174;-165.3876117312218
1175;-165.38744119069906
1176;-165.38727041393031
1177;-165.38709940047033
1178;-165.38692814989076
1179;-165.38675666177028
1180;-165.38658493567732
1181;-165.38641297117852
1182;-165.38624076784981
1183;-165.38606832524852
1184;-165.38589564294375
1185;-165.38572272049987
1186;-165.38554955747736
1187;-165.38537615344467
1188;-165.38520250795364
1189;-165.38502862057589
1190;-165.38485449085442
1191;-165.38468011835334
1192;-165.38450550262473
1193;-165.3843306432293
1194;-165.38415553971095
1195;-165.38398019162742
1196;-165.38380459852124
1197;-165.38362875995244
1198;-165.38345267545947
1199;-165.38327634458619
1200;-165.38309976688765
1201;-165.38292294189887
1202;-165.38274586916691
1203;-165.38256854822657
1204;-165.38239097862743
1205;-165.38221315989426
1206;-165.38203509157552
1207;-165.38185677319302
1208;-165.3816782042918
1209;-165.38149938439938
1210;-165.38132031304735
1211;-165.38114098976166
1212;-165.38096141407595
1213;-165.38078158551457
1214;-165.3806015036032
1215;-165.38042116786687
1216;-165.38024057782286
1217;-165.38005973299846
1218;-165.37987863291869
1219;-165.37969727708924
1220;-165.37951566503421
1221;-165.37933379627543
1222;-165.37915167030997
1223;-165.37896928666896
1224;-165.37878664484447
1225;-165.37860374436241
1226;-165.37842058471983
1227;-165.37823716542425
1228;-165.37805348598795
1229;-165.37786954590842
1230;-165.37768534469251
1231;-165.37750088183657
1232;-165.37731615683674
1233;-165.37713116919417
1234;-165.37694591841296
1235;-165.37676040397423
1236;-165.3765746253755
1237;-165.37638858211471
1238;-165.37620227367393
1239;-165.37601569954586
1240;-165.37582885921574
1241;-165.37564175216926
1242;-165.37545437788913
1243;-165.37526673585535
1244;-165.37507882555519
1245;-165.37489064646456
1246;-165.37470219805687
1247;-165.37451347981209
1248;-165.37432449121343
1249;-165.37413523170562
1250;-165.37394570078686
1251;-165.37375589791804
1252;-165.3735658225587
1253;-165.37337547418633
1254;-165.37318485225592
1255;-165.37299395624564
1256;-165.37280278559683
1257;-165.37261133977472
1258;-165.37241961825225
1259;-165.37222762046758
1260;-165.37203534588593
1261;-165.37184279395092
1262;-165.37164996412253
1263;-165.37145685584733
1264;-165.37126346856371
1265;-165.37106980172916
1266;-165.37087585479094
1267;-165.37068162718037
1268;-165.37048711833995
1269;-165.3702923277117
1270;-165.37009725472831
1271;-165.36990189883068
1272;-165.36970625944718
1273;-165.36951033602054
1274;-165.36931412797685
1275;-165.36911763473063
1276;-165.3689208557214
1277;-165.36872379037482
1278;-165.36852643811289
1279;-165.36832879835356
1280;-165.36813087051564
1281;-165.36793265402162
1282;-165.36773414828326
1283;-165.36753535272055
1284;-165.36733626672981
1285;-165.36713688973714
1286;-165.36693722114114
1287;-165.36673726035224
1288;-165.36653700677653
1289;-165.36633645981647
1290;-165.36613561887521
1291;-165.36593448334202
1292;-165.36573305262073
1293;-165.36553132610265
1294;-165.36532930318344
1295;-165.36512698326487
1296;-165.36492436571189
1297;-165.36472144993354
1298;-165.36451823530865
1299;-165.36431472121717
1300;-165.36411090703359
1301;-165.36390679215492
1302;-165.36370237594838
1303;-165.36349765778846
1304;-165.36329263705443
1305;-165.36308731311237
1306;-165.36288168534111
1307;-165.36267575309557
1308;-165.36246951574549
1309;-165.36226297265375
1310;-165.36205612318554
1311;-165.36184896668919
1312;-165.36164150253103
1313;-165.36143373006485
1314;-165.36122564863899
1315;-165.36101725760818
1316;-165.36080855631394
1317;-165.36059954411394
1318;-165.3603902203497
1319;-165.36018058435775
1320;-165.3599706354812
1321;-165.35976037305818
1322;-165.35954979642315
1323;-165.35933890491788
1324;-165.35912769786523
1325;-165.35891617459447
1326;-165.35870433444211
1327;-165.35849217672626
1328;-165.35827970077275
1329;-165.35806690589447
1330;-165.35785379142249
1331;-165.35764035666216
1332;-165.3574266009291
1333;-165.3572125235321
1334;-165.35699812379085
1335;-165.35678340100208
1336;-165.35656835447617
1337;-165.3563529835169
1338;-165.35613728741646
1339;-165.35592126548249
1340;-165.35570491699855
1341;-165.35548824127045
1342;-165.35527123758288
1343;-165.35505390522098
1344;-165.35483624347125
1345;-165.35461825162361
1346;-165.35439992895522
1347;-165.3541812747419
1348;-165.35396228826335
1349;-165.35374296879695
1350;-165.35352331560421
1351;-165.35330332796002
1352;-165.35308300513111
1353;-165.35286234638534
1354;-165.35264135098078
1355;-165.35242001817528
1356;-165.35219834722739
1357;-165.35197633739494
1358;-165.35175398792035
1359;-165.35153129805622
1360;-165.35130826704949
1361;-165.35108489414938
1362;-165.35086117858805
1363;-165.35063711961197
1364;-165.350412716454
1365;-165.35018796835516
1366;-165.34996287453578
1367;-165.34973743423052
1368;-165.34951164666313
1369;-165.34928551105395
1370;-165.34905902663309
1371;-165.34883219260041
1372;-165.34860500819173
1373;-165.34837747260531
1374;-165.3481495850599
1375;-165.34792134474992
1376;-165.34769275089252
1377;-165.34746380268507
1378;-165.34723449932608
1379;-165.34700484001132
1380;-165.34677482393272
1381;-165.34654445029264
1382;-165.3463137182614
1383;-165.34608262703478
1384;-165.34585117578808
1385;-165.34561936370483
1386;-165.34538718996646
1387;-165.34515465373511
1388;-165.34492175419018
1389;-165.34468849050313
1390;-165.34445486182517
1391;-165.34422086732457
1392;-165.34398650616276
1393;-165.34375177749553
1394;-165.34351668047702
1395;-165.34328121425347
1396;-165.34304537797448
1397;-165.34280917078559
1398;-165.34257259182596
1399;-165.34233564023293
1400;-165.34209831514727
1401;-165.34186061569244
1402;-165.34162254100079
1403;-165.34138409020557
1404;-165.34114526242092
1405;-165.34090605676806
1406;-165.34066647236546
1407;-165.34042650832794
1408;-165.34018616376443
1409;-165.33994543777521
1410;-165.33970432947626
1411;-165.33946283796035
1412;-165.33922096232686
1413;-165.3389787016738
1414;-165.33873605508643
1415;-165.33849302165845
1416;-165.33824960046604
1417;-165.33800579060517
1418;-165.33776159113813
1419;-165.33751700114999
1420;-165.33727201971101
1421;-165.33702664588304
1422;-165.33678087873432
1423;-165.33653471732555
1424;-165.336288160717
1425;-165.3360412079719
1426;-165.33579385812459
1427;-165.33554611022441
1428;-165.33529796332164
1429;-165.33504941645924
1430;-165.33480046867271
1431;-165.33455111899639
1432;-165.33430136645802
1433;-165.334051210089
1434;-165.33380064891116
1435;-165.33354968193612
1436;-165.33329830818889
1437;-165.33304652668107
1438;-165.33279433641633
1439;-165.33254173640785
1440;-165.33228872564723
1441;-165.33203530314086
1442;-165.33178146786918
1443;-165.3315272188413
1444;-165.33127255503496
1445;-165.33101747542514
1446;-165.33076197900641
1447;-165.33050606474194
1448;-165.33024973161196
1449;-165.32999297857964
1450;-165.32973580461248
1451;-165.32947820866184
1452;-165.32922018969816
1453;-165.32896174665802
1454;-165.32870287850187
1455;-165.32844358417356
1456;-165.32818386260965
1457;-165.32792371274559
1458;-165.32766313351362
1459;-165.32740212385238
1460;-165.32714068267342
1461;-165.32687880890353
1462;-165.32661650146497
1463;-165.32635375925565
1464;-165.32609058119215
1465;-165.32582696618692
1466;-165.32556291312244
1467;-165.32529842090753
1468;-165.32503348843215
1469;-165.32476811457764
1470;-165.32450229823098
1471;-165.32423603827465
1472;-165.32396933358268
1473;-165.32370218303026
1474;-165.32343458546575
1475;-165.32316653976773
1476;-165.32289804478683
1477;-165.32262909937776
1478;-165.32235970238935
1479;-165.32208985266311
1480;-165.3218195490474
1481;-165.32154879036784
1482;-165.32127757545913
1483;-165.32100590315099
1484;-165.32073377226425
1485;-165.32046118160793
1486;-165.32018813000559
1487;-165.31991461626126
1488;-165.31964063918099
1489;-165.31936619755925
1490;-165.31909129019277
1491;-165.31881591587307
1492;-165.31854007338347
1493;-165.31826376150661
1494;-165.31798697901309
1495;-165.31770972467734
1496;-165.31743199726338
1497;-165.31715379552998
1498;-165.31687511823498
1499;-165.31659596413533
1500;-165.31631633197162
1501;-165.31603622047714
1502;-165.3157556284059
1503;-165.31547455447412
1504;-165.31519299742422
1505;-165.31491095596016
1506;-165.31462842881615
1507;-165.31434541468957
1508;-165.31406191229485
1509;-165.31377792032595
1510;-165.31349343748366
1511;-165.31320846245694
1512;-165.31292299393135
1513;-165.31263703058858
1514;-165.31235057110189
1515;-165.31206361414024
1516;-165.31177615836941
1517;-165.31148820244766
1518;-165.31119974503167
1519;-165.3109107847722
1520;-165.31062132029706
1521;-165.310331350262
1522;-165.31004087328688
1523;-165.30974988800494
1524;-165.30945839303467
1525;-165.30916638699
1526;-165.30887386848167
1527;-165.3085808361102
1528;-165.30828728848496
1529;-165.30799322418261
1530;-165.30769864180229
1531;-165.307403539917
1532;-165.30710791711158
1533;-165.30681177194697
1534;-165.30651510299435
1535;-165.30621790880218
1536;-165.30592018792959
1537;-165.30562193892251
1538;-165.30532316031258
1539;-165.30502385064005
1540;-165.30472400843496
1541;-165.30442363222028
1542;-165.30412272049648
1543;-165.30382127179837
1544;-165.30351928460504
1545;-165.30321675743426
1546;-165.30291368876306
1547;-165.30261007707759
1548;-165.30230592086241
1549;-165.30200121858275
1550;-165.30169596871565
1551;-165.30139016970952
1552;-165.30108382001822
1553;-165.30077691809174
1554;-165.30046946236985
1555;-165.30016145128798
1556;-165.29985288326634
1557;-165.29954375672901
1558;-165.29923407009255
1559;-165.29892382175763
1560;-165.29861301013148
1561;-165.29830163360543
1562;-165.29798969055787
1563;-165.29767717938034
1564;-165.29736409843917
1565;-165.29705044609864
1566;-165.29673622072437
1567;-165.29642142065927
1568;-165.29610604425716
1569;-165.29579008985115
1570;-165.29547355577301
1571;-165.29515644034541
1572;-165.29483874188918
1573;-165.29452045871108
1574;-165.29420158911148
1575;-165.29388213138873
1576;-165.29356208382728
1577;-165.29324144471275
1578;-165.29292021231026
1579;-165.29259838488588
1580;-165.29227596070677
1581;-165.29195293801354
1582;-165.29162931505084
1583;-165.29130509005654
1584;-165.2909802612478
1585;-165.29065482686383
1586;-165.29032878509543
1587;-165.29000213415748
1588;-165.28967487224395
1589;-165.28934699754063
1590;-165.28901850823263
1591;-165.2886894024889
1592;-165.28835967847658
1593;-165.28802933435281
1594;-165.28769836826723
1595;-165.28736677834922
1596;-165.28703456274297
1597;-165.28670171955969
1598;-165.28636824692126
1599;-165.28603414293639
1600;-165.28569940570401
1601;-165.28536403331213
1602;-165.28502802384014
1603;-165.28469137535853
1604;-165.2843540859426
1605;-165.2840161536385
1606;-165.2836775764938
1607;-165.28333835255285
1608;-165.28299847983658
1609;-165.28265795637458
1610;-165.2823167801771
1611;-165.2819749492337
1612;-165.28163246155418
1613;-165.28128931511833
1614;-165.2809455079007
1615;-165.28060103786697
1616;-165.28025590297784
1617;-165.27991010117739
1618;-165.27956363040607
1619;-165.27921648859251
1620;-165.27886867366055
1621;-165.27852018351837
1622;-165.27817101606456
1623;-165.2778211691907
1624;-165.27747064077653
1625;-165.27711942870224
1626;-165.27676753082733
1627;-165.27641494500017
1628;-165.27606166906048
1629;-165.2757077008514
1630;-165.27535303818695
1631;-165.27499767888503
1632;-165.27464162073989
1633;-165.27428486155327
1634;-165.27392739910033
1635;-165.27356923115258
1636;-165.2732103554772
1637;-165.27285076982207
1638;-165.27249047192845
1639;-165.27212945952988
1640;-165.27176773033943
1641;-165.27140528206633
1642;-165.27104211240976
1643;-165.27067821906235
1644;-165.2703135996926
1645;-165.26994825197244
1646;-165.26958217354468
1647;-165.26921536206623
1648;-165.26884781516469
1649;-165.26847953045308
1650;-165.26811050554716
1651;-165.26774073804609
1652;-165.26737022553516
1653;-165.26699896558739
1654;-165.26662695577329
1655;-165.26625419363972
1656;-165.26588067673015
1657;-165.26550640257028
1658;-165.26513136868107
1659;-165.26475557256504
1660;-165.2643790117163
1661;-165.26400168361488
1662;-165.26362358573306
1663;-165.26324471551652
1664;-165.26286507042573
1665;-165.2624846478825
1666;-165.26210344531
1667;-165.26172146011891
1668;-165.26133868969555
1669;-165.26095513142241
1670;-165.26057078267877
1671;-165.26018564081323
1672;-165.25979970317076
1673;-165.25941296708629
1674;-165.25902542986705
1675;-165.25863708883026
1676;-165.2582479412597
1677;-165.2578579844369
1678;-165.25746721561973
1679;-165.25707563206038
1680;-165.25668323100808
1681;-165.25629000967592
1682;-165.25589596528289
1683;-165.2555010950141
1684;-165.25510539605966
1685;-165.25470886559378
1686;-165.2543115007511
1687;-165.25391329868603
1688;-165.2535142565323
1689;-165.25311437138157
1690;-165.25271364034097
1691;-165.25231206049898
1692;-165.25190962891793
1693;-165.25150634264833
1694;-165.25110219873545
1695;-165.25069719419776
1696;-165.25029132604823
1697;-165.24988459128053
1698;-165.24947698687151
1699;-165.24906850978641
1700;-165.24865915696569
1701;-165.24824892534843
1702;-165.2478378118476
1703;-165.24742581337114
1704;-165.24701292679651
1705;-165.24659914900076
1706;-165.24618447683156
1707;-165.2457689071266
1708;-165.24535243671085
1709;-165.24493506238377
1710;-165.24451678093533
1711;-165.24409758913907
1712;-165.24367748375744
1713;-165.24325646151874
1714;-165.24283451914448
1715;-165.24241165334706
1716;-165.24198786080842
1717;-165.24156313819776
1718;-165.24113748217542
1719;-165.24071088937171
1720;-165.24028335640423
1721;-165.23985487988261
1722;-165.23942545637465
1723;-165.23899508245836
1724;-165.23856375467449
1725;-165.23813146955627
1726;-165.23769822361419
1727;-165.23726401333829
1728;-165.23682883520451
1729;-165.23639268567081
1730;-165.23595556117357
1731;-165.23551745813256
1732;-165.23507837294119
1733;-165.23463830198352
1734;-165.234197241625
1735;-165.23375518819694
1736;-165.23331213802589
1737;-165.23286808741864
1738;-165.23242303265556
1739;-165.23197697000046
1740;-165.23152989569212
1741;-165.23108180595409
1742;-165.23063269699355
1743;-165.23018256499222
1744;-165.22973140610929
1745;-165.22927921648534
1746;-165.22882599224499
1747;-165.22837172948357
1748;-165.2279164242816
1749;-165.22746007269666
1750;-165.22700267076266
1751;-165.22654421449488
1752;-165.2260846998829
1753;-165.22562412290608
1754;-165.22516247950216
1755;-165.22469976560569
1756;-165.224235977116
1757;-165.22377110991624
1758;-165.2233051598721
1759;-165.22283812281376
1760;-165.22236999455686
1761;-165.22190077089431
1762;-165.22143044758923
1763;-165.22095902038836
1764;-165.22048648501914
1765;-165.22001283716736
1766;-165.21953807251157
1767;-165.21906218670119
1768;-165.21858517536475
1769;-165.21810703409869
1770;-165.2176277584847
1771;-165.21714734406805
1772;-165.21666578638497
1773;-165.2161830809323
1774;-165.21569922318599
1775;-165.21521420859744
1776;-165.2147280325978
1777;-165.21424069058298
1778;-165.21375217792729
1779;-165.21326248998366
1780;-165.21277162207275
1781;-165.21227956948997
1782;-165.21178632750571
1783;-165.21129189135308
1784;-165.21079625626248
1785;-165.21029941741085
1786;-165.20980136996582
1787;-165.2093021090584
1788;-165.20880162980211
1789;-165.20829992726794
1790;-165.20779699650188
1791;-165.20729283253286
1792;-165.20678743034955
1793;-165.20628078492246
1794;-165.20577289117955
1795;-165.20526374403335
1796;-165.20475333835657
1797;-165.20424166899602
1798;-165.20372873077713
1799;-165.20321451848167
1800;-165.20269902687755
1801;-165.20218225068083
1802;-165.20166418459326
1803;-165.20114482328154
1804;-165.20062416137671
1805;-165.20010219349001
1806;-165.19957891419199
1807;-165.19905431801521
1808;-165.19852839947839
1809;-165.19800115305679
1810;-165.19747257319477
1811;-165.19694265430167
1812;-165.19641139076339
1813;-165.19587877692402
1814;-165.19534480709262
1815;-165.19480947555803
1816;-165.19427277656291
1817;-165.1937347043197
1818;-165.19319525300557
1819;-165.19265441676953
1820;-165.19211218971896
1821;-165.19156856592508
1822;-165.1910235394223
1823;-165.19047710422478
1824;-165.18992925429461
1825;-165.18937998356978
1826;-165.18882928594144
1827;-165.18827715526731
1828;-165.18772358537603
1829;-165.1871685700537
1830;-165.18661210304708
1831;-165.18605417807203
1832;-165.18549478880095
1833;-165.18493392886876
1834;-165.18437159187238
1835;-165.18380777137759
1836;-165.18324246090356
1837;-165.18267565392694
1838;-165.1821073438955
1839;-165.18153752420812
1840;-165.1809661882296
1841;-165.1803933292897
1842;-165.17981894066179
1843;-165.17924301559196
1844;-165.17866554728425
1845;-165.17808652889266
1846;-165.17750595354255
1847;-165.17692381430334
1848;-165.17634010421239
1849;-165.17575481626886
1850;-165.17516794341259
1851;-165.17457947855974
1852;-165.17398941456304
1853;-165.17339774425045
1854;-165.17280446039285
1855;-165.17220955572634
1856;-165.17161302293607
1857;-165.17101485466469
1858;-165.170415043508
1859;-165.16981358201815
1860;-165.16921046270977
1861;-165.16860567803724
1862;-165.16799922041309
1863;-165.1673910822044
1864;-165.16678125573708
1865;-165.16616973327814
1866;-165.16555650705845
1867;-165.16494156925569
1868;-165.16432491199316
1869;-165.16370652736214
1870;-165.16308640738907
1871;-165.16246454405814
1872;-165.16184092930462
1873;-165.1612155550074
1874;-165.16058841300492
1875;-165.15995949508283
1876;-165.15932879296633
1877;-165.15869629834219
1878;-165.1580620028451
1879;-165.15742589804813
1880;-165.15678797547639
1881;-165.15614822660382
1882;-165.1555066428532
1883;-165.15486321559274
1884;-165.15421793613609
1885;-165.1535707957421
1886;-165.15292178561458
1887;-165.1522708969128
1888;-165.1516181207312
1889;-165.15096344810831
1890;-165.15030687003537
1891;-165.14964837743742
1892;-165.14898796118973
1893;-165.1483256121096
1894;-165.1476613209627
1895;-165.14699507845148
1896;-165.14632687522658
1897;-165.14565670186789
1898;-165.14498454891441
1899;-165.14431040683121
1900;-165.143634266032
1901;-165.14295611687135
1902;-165.14227594964382
1903;-165.14159375458144
1904;-165.14090952186234
1905;-165.14022324159282
1906;-165.13953490383233
1907;-165.13884449856846
1908;-165.13815201573266
1909;-165.13745744519565
1910;-165.13676077675814
1911;-165.13606200017034
1912;-165.13536110510881
1913;-165.13465808119258
1914;-165.1339529179761
1915;-165.13324560495153
1916;-165.13253613153915
1917;-165.13182448709949
1918;-165.13111066093575
1919;-165.13039464227518
1920;-165.12967642029093
1921;-165.12895598408227
1922;-165.12823332268727
1923;-165.12750842506966
1924;-165.12678128013545
1925;-165.12605187671943
1926;-165.1253202035964
1927;-165.12458624946839
1928;-165.12385000296717
1929;-165.12311145266153
1930;-165.12237058705296
1931;-165.12162739457722
1932;-165.12088186358619
1933;-165.12013398238446
1934;-165.11938373919611
1935;-165.11863112217293
1936;-165.11787611940645
1937;-165.11711871892135
1938;-165.116358908655
1939;-165.11559667649522
1940;-165.11483201025248
1941;-165.114064897665
1942;-165.11329532640161
1943;-165.11252328406886
1944;-165.11174875819006
1945;-165.11097173622761
1946;-165.11019220557591
1947;-165.10941015354865
1948;-165.10862556739494
1949;-165.10783843429431
1950;-165.10704874134944
1951;-165.10625647560096
1952;-165.10546162401533
1953;-165.1046641734863
1954;-165.10386411084437
1955;-165.1030614228373
1956;-165.10225609615986
1957;-165.10144811742134
1958;-165.1006374731744
1959;-165.09982414988713
1960;-165.09900813397394
1961;-165.09818941176718
1962;-165.09736796954257
1963;-165.09654379349558
1964;-165.0957168697621
1965;-165.09488718440389
1966;-165.09405472341268
1967;-165.09321947272633
1968;-165.09238141819856
1969;-165.09154054563169
1970;-165.09069684075735
1971;-165.08985028923485
1972;-165.08900087666939
1973;-165.08814858859523
1974;-165.08729341048593
1975;-165.08643532775363
1976;-165.08557432574594
1977;-165.08471038974767
1978;-165.08384350499773
1979;-165.08297365665362
1980;-165.08210082982987
1981;-165.08122500957393
1982;-165.08034618089164
1983;-165.07946432871972
1984;-165.07857943794329
1985;-165.07769149339947
1986;-165.07680047987537
1987;-165.07590638210513
1988;-165.07500918477308
1989;-165.07410887251172
1990;-165.07320542991692
1991;-165.07229884154299
1992;-165.07138909189803
1993;-165.07047616544719
1994;-165.06956004661924
1995;-165.06864071980476
1996;-165.06771816936453
1997;-165.06679237962362
1998;-165.06586333487962
1999;-165.06493101941032
2000;-165.06399541746259
2001;-165.06305651325738
2002;-165.06211429100517
2003;-165.06116873488872
2004;-165.06021982908737
2005;-165.05926755776136
2006;-165.05831190507388
2007;-165.0573528551763
2008;-165.05639039222638
2009;-165.05542450038092
2010;-165.05445516380541
2011;-165.05348236667714
2012;-165.05250609319046
2013;-165.05152632755539
2014;-165.0505430540145
2015;-165.04955625682419
2016;-165.04856592029682
2017;-165.04757202876294
2018;-165.0465745666088
2019;-165.04557351826725
2020;-165.04456886822868
2021;-165.04356060103873
2022;-165.04254870130922
2023;-165.04153315372855
2024;-165.04051394306657
2025;-165.03949105418474
2026;-165.0384644720325
2027;-165.03743418166914
2028;-165.03640016825011
2029;-165.03536241705001
2030;-165.03432091347872
2031;-165.03327564307483
2032;-165.03222659152038
2033;-165.03117374465478
2034;-165.03011708846361
2035;-165.02905660911892
2036;-165.02799229297466
2037;-165.0269241265737
2038;-165.02585209665904
2039;-165.0247761901951
2040;-165.02369639437734
2041;-165.02261269663813
2042;-165.02152508465542
2043;-165.02043354637999
2044;-165.01933807004843
2045;-165.01823864418611
2046;-165.01713525762375
2047;-165.01602789952244
2048;-165.01491655938707
2049;-165.01380122706883
2050;-165.01268189280245
2051;-165.01155854721037
2052;-165.01043118133066
2053;-165.00929978663225
2054;-165.00816435502543
2055;-165.0070248789018
2056;-165.00588135114617
2057;-165.00473376513946
2058;-165.00358211481807
2059;-165.00242639466524
2060;-165.00126659976308
2061;-165.00010272578402
2062;-164.998934769058
2063;-164.99776272656527
2064;-164.9965865959864
2065;-164.99540637572341
2066;-164.99422206492045
2067;-164.9930336635141
2068;-164.99184117224786
2069;-164.99064459272267
2070;-164.98944392741578
2071;-164.98823917971799
2072;-164.98703035398898
2073;-164.98581745557635
2074;-164.98460049086725
2075;-164.98337946732204
2076;-164.98215439352316
2077;-164.98092527920858
2078;-164.97969213532474
2079;-164.97845497408184
2080;-164.97721380898952
2081;-164.97596865491073
2082;-164.97471952811065
2083;-164.97346644632898
2084;-164.97220942880881
2085;-164.97094849636596
2086;-164.96968367145837
2087;-164.96841497823516
2088;-164.96714244259283
2089;-164.96586609226529
2090;-164.96458595687068
2091;-164.96330206799007
2092;-164.96201445923089
2093;-164.96072316631194
2094;-164.95942822713869
2095;-164.95812968186897
2096;-164.95682757301734
2097;-164.95552194551601
2098;-164.95421284681743
2099;-164.95290032697676
2100;-164.95158443874607
2101;-164.95026523766251
2102;-164.9489427821602
2103;-164.94761713365369
2104;-164.9462883566498
2105;-164.94495651885404
2106;-164.94362169127862
2107;-164.94228394835
2108;-164.94094336803437
2109;-164.93960003194184
2110;-164.93825402545531
2111;-164.93690543785988
2112;-164.93555436245856
2113;-164.9342008967003
2114;-164.93284514233369
2115;-164.93148720552131
2116;-164.93012719699027
2117;-164.92876523216637
2118;-164.92740143132596
2119;-164.9260359197383
2120;-164.9246688278231
2121;-164.92330029129289
2122;-164.92193045132854
2123;-164.92055945470406
2124;-164.91918745397493
2125;-164.91781460762581
2126;-164.91644108023638
2127;-164.9150670426468
2128;-164.91369267212349
2129;-164.91231815252263
2130;-164.91094367446135
2131;-164.90956943548099
2132;-164.9081956402174
2133;-164.90682250055715
2134;-164.90545023581058
2135;-164.90407907286908
2136;-164.90270924636866
2137;-164.90134099884403
2138;-164.89997458087623
2139;-164.89861025124333
2140;-164.89724827705436
2141;-164.89588893388782
2142;-164.89453250591919
2143;-164.89317928602986
2144;-164.89182957592493
2145;-164.89048368620979
2146;-164.8891419364902
2147;-164.8878046554255
2148;-164.88647218078358
2149;-164.88514485947735
2150;-164.88382304757556
2151;-164.88250711028263
2152;-164.88119742192794
2153;-164.87989436589442
2154;-164.87859833453149
2155;-164.87730972905024
2156;-164.87602895936425
2157;-164.8747564439152
2158;-164.87349260944507
2159;-164.87223789075142
2160;-164.87099273035756
2161;-164.86975757819664
2162;-164.86853289118471
2163;-164.86731913279618
2164;-164.86611677255178
2165;-164.86492628546011
2166;-164.86374815140493
2167;-164.86258285446456
2168;-164.86143088217545
2169;-164.86029272471592
2170;-164.85916887403164
2171;-164.85805982289662
2172;-164.85696606388547
2173;-164.85588808828425
2174;-164.85482638493386
2175;-164.85378143898447
2176;-164.85275373058676
2177;-164.85174373351197
2178;-164.85075191370788
2179;-164.84977872775767
2180;-164.84882462131259
2181;-164.84789002744265
2182;-164.84697536493627
2183;-164.84608103654796
2184;-164.84520742722088
2185;-164.84435490224769
2186;-164.84352380542896
2187;-164.84271445722061
2188;-164.84192715286713
2189;-164.84116216054917
2190;-164.84041971957413
2191;-164.83970003858849
2192;-164.83900329385438
2193;-164.83832962761244
2194;-164.8376791465214
2195;-164.83705192021966
2196;-164.83644798001592
2197;-164.83586731772925
2198;-164.83530988469693
2199;-164.83477559096946
2200;-164.83426430470945
2201;-164.83377585181665
2202;-164.83331001578381
2203;-164.83286653781147
2204;-164.83244511716953
2205;-164.83204541184546
2206;-164.8316670394554
2207;-164.83130957844651
2208;-164.83097256957376
2209;-164.83065551764616
2210;-164.83035789354994
2211;-164.83007913651863
2212;-164.82981865665397
2213;-164.8295758376612
2214;-164.82935003977718
2215;-164.8291406028909
2216;-164.82894684978487
2217;-164.828768089498
2218;-164.82860362077326
2219;-164.82845273553107
2220;-164.82831472236239
2221;-164.82818886998302
2222;-164.82807447062191
2223;-164.82797082330831
2224;-164.82787723701631
2225;-164.82779303364214
2226;-164.82771755079375
2227;-164.82765014433971
2228;-164.82759019072796
2229;-164.82753708903692
2230;-164.82749026275064
2231;-164.82744916125648
2232;-164.82741326104883
2233;-164.8273820666484
2234;-164.82735511123769
2235;-164.82733195703099
2236;-164.82731219536549
2237;-164.82729544656695
2238;-164.82728135956904
2239;-164.82726961133562
2240;-164.82725990609811
2241;-164.82725197442119
2242;-164.82724557213464
2243;-164.82724047915826
2244;-164.8272364982156
2245;-164.82723345350382
2246;-164.82723118929289
2247;-164.82722956851876
2248;-164.82722847135392
